"Abate","verb - become less in amount or intensity; make less active or intense"
"Aberrant","adj - markedly different from an accepted norm; noun one whose behavior departs substantially from the norm of a group"
"Abeyance","noun - temporary cessation or suspension"
"Abjure","verb - formally reject or disavow a formerly held belief, usually under pressure"
"Ablution","noun - the ritual washing of a priest's hands or of sacred vessels"
"Abrogate","verb - revoke formally"
"Abscond","verb - run away; usually includes taking something or somebody along"
"Abstemious","adj - sparing in consumption of especially food and drink; marked by temperance in indulgence"
"Abstruse","adj - difficult to penetrate; incomprehensible to one of ordinary understanding or knowledge"
"Accretion","noun -  the process of growth or increase, typically by the gradual accumulation of additional layers or matter; something contributing to growth or increase"
"Acerbic","adj - harsh or corrosive in tone; sour or bitter in taste"
"Acquiesce","verb - to agree or express agreement"
"Acrid","adj - harsh or corrosive in tone; strong and sharp; having an irritatingly strong and unpleasant taste or smell"
"Adjoin","verb - attach or add; be in direct physical contact with; make contact; lie adjacent to another or share a boundary"
"Admonish","verb - take to task; admonish or counsel in terms of someone's behavior; warn strongly; put on guard"
"Adulterate","adj - mixed with impurities; verb corrupt, debase, or make impure by adding a foreign or inferior substance; often by replacing valuable ingredients with inferior ones"
"Advocate","noun - a person who pleads for a cause or propounds an idea; a lawyer who pleads cases in court; verb speak, plead, or argue in favour of"
"Aesthetic","adj - concerned with beauty or the appreciation of beauty"
"Affable","adj - diffusing warmth and friendliness"
"Aggrandize","verb - add details to"
"Alacrity","noun - liveliness and eagerness"
"Alleviate","verb - provide physical relief, as from pain; make easier"
"Amalgamate","adj - joined together into a whole; verb to bring or combine together or with something else"
"Ambiguous","adj - having more than one possible meaning;"
"Ambivalence","noun - mixed feelings or emotions"
"Ambrosial","adj - worthy of the gods; extremely pleasing to the taste; sweet and fragrant"
"Ameliorate","verb - get better; to make better"
"Anachronism","noun - an artifact that belongs to another time; a person who seems to be displaced in time; who belongs to another age; something located at a time when it could not have existed or occurred"
"Anomalous","adj - deviating from the general or common order or type"
"Antediluvian","adj - so extremely old as seeming to belong to an earlier period; of or relating to the period before the biblical flood; ridiculously old-fashioned"
"Antipathy","noun - the object of a feeling of intense aversion; something to be avoided; a feeling of intense dislike"
"Apathy","noun - the trait of lacking enthusiasm for or interest in things generally; an absence of emotion or enthusiasm"
"Apogee","noun - the highest point in the development of something; the climax or culmination of something"
"Apostasy","noun - the act of abandoning a party or cause; the state of having rejected your religious beliefs or your political party or a cause (often in favor of opposing beliefs or causes)"
"Apotheosis","noun - the elevation of a person (as to the status of a god); model of excellence or perfection of a kind; one having no equal"
"Appease","verb - make peace with; overcome or allay; cause to be more favorably inclined; gain the good will of"
"Apprise","verb - increase the value of; gain in value; make aware of; inform (somebody) of something"
"Approbation","noun - official recognition or approval; official approval"
"Arbitrate","verb - act between parties with a view to reconciling differences"
"Arduous","adj - difficult to accomplish;  characterized by toilsome effort to the point of exhaustion"
"Artless","adj - simple and natural; without cunning or deceit; characterized by an inability to mask your feelings"
"Ascetic","adj - practicing great self-denial; noun - someone who practices self denial as a spiritual discipline"
"Asperity","noun - harshness of manner; something hard to endure"
"Assiduous","adj - marked by care and persistent effort"
"Assuage","verb - provide physical relief, as from pain; satisfy (thirst); cause to be more favorably inclined; gain the good will of"
"Attenuate","adj - reduced in strength; verb become weaker, in strength, value, or magnitude; weaken the consistency of (a chemical substance)"
"Audacious","adj - disposed to venture or take risks; unrestrained by convention or propriety; invulnerable to fear or intimidation"
"Augury","noun - an event that is experienced as indicating important things to come"
"Auspicious","adj - auguring favorable circumstances and good luck"
"Austere","adj - of a stern or strict bearing or demeanor; forbidding in aspect; severely simple; practicing great self-denial"
"Aver","verb - to declare or affirm solemnly and formally as true; report or maintain"
"Baleful","adj - threatening or foreshadowing evil or tragic developments; deadly or sinister"
"Banal","adj - repeated too often; overfamiliar through overuse"
"Barefaced","adj - unrestrained by convention or propriety; with no effort to conceal"
"Belie","verb - represent falsely; be in contradiction with"
"Bellicose","adj - having or showing a ready disposition to fight"
"Belligerent","adj - engaged in war; characteristic of an enemy or one eager to fight; noun someone who fights (or is fighting)"
"Benevolent","adj - generous in providing aid to others; intending or showing kindness; generous in assistance to the poor; showing or motivated by sympathy and understanding and generosity"
"Benign","adj - pleasant and beneficial in nature or influence; kindness of disposition or manner; not dangerous to health; not recurrent or progressive (especially of a tumor)"
"Blandishment","noun - the act of urging by means of teasing or flattery; flattery intended to persuade"
"Blithe","adj - carefree and happy and lighthearted; lacking or showing a lack of due concern"
"Bolster","verb - support and strengthen; prop up"
"Bombast","noun - pompous or pretentious talk or writing"
"Bombastic","adj - ostentatiously lofty in style"
"Boorish","adj - ill-mannered and coarse and contemptible in behavior or appearance"
"Breach","noun - a failure to perform some promised act or obligation; an opening (especially a gap in a dike or fortification)"
"Broach","noun - a decorative pin worn by women; verb bring up a topic for discussion"
"Burgeon","verb - grow and flourish"
"Burnish","noun - the property of being smooth and shiny; verb polish and make shiny"
"Buttress","noun - a support usually of stone or brick; supports the wall of a building; verb make stronger or defensible; reinforce with a buttress"
"Cadge","verb - obtain or seek to obtain by cadging or wheedling; ask for and get free; be a parasite"
"Cajole","verb - influence or urge by gentle urging, caressing, or flattering"
"Capitulate","verb - surrender under agreed conditions"
"Caprice","noun - a sudden desire"
"Capricious","adj - determined by chance or impulse or whim rather than by necessity or reason; changeable"
"Castigate","verb - inflict severe punishment on; censure severely"
"Castigation","noun - verbal punishment; a severe scolding"
"Catalyst","noun - something that causes an important event to happen; (chemistry) a substance that initiates or accelerates a chemical reaction without itself being affected"
"Caustic","adj - harsh or corrosive in tone; sarcastic in a scathing and bitter way; noun - any chemical substance that burns or destroys living tissue"
"Censure","noun - harsh criticism or disapproval; the state of being excommunicated; verb rebuke formally"
"Chary","adj - characterized by great cautious and wariness"
"Chicanery","noun - the use of tricks to deceive someone (usually to extract money from them)"
"Coda","noun - the closing section of a musical composition; a concluding event, remark or section"
"Cogent","adj - powerfully persuasive"
"Commensurate","adj - corresponding in size or degree or extent"
"Complaisance","noun - a disposition or tendency to yield to the will of others"
"Complaisant","adj - showing a cheerful willingness to do favors for others"
"Compunction","noun - a feeling of deep regret (usually for some misdeed)"
"Conciliatory","adj - intended or likely to overcome animosity or hostility; making or willing to make concessions"
"Condone","verb - excuse, overlook, or make allowances for; be lenient with"
"Conflagration","noun - a very intense and uncontrolled fire"
"Confluence","noun - a flowing together; a place where things merge or flow together (especially rivers); a coming together of people"
"Confound","verb - mistake one thing for another; be confusing or perplexing to; cause to be unable to think clearly"
"Congenital","adj - present at birth but not necessarily hereditary; acquired during fetal development"
"Connoisseur","noun - an expert able to appreciate a field; especially in the fine arts"
"Contentious","adj - involving or likely to cause controversy; inclined or showing an inclination to dispute or disagree, even to engage in law suits"
"Contiguous","adj - very close or connected in space or time; having a common boundary or edge; touching; connecting without a break; within a common boundary"
"Contrite","adj - feeling regret for a fault or offence; feeling or expressing pain or sorrow for sins or offenses"
"Conundrum","noun - a difficult problem"
"Convoke","verb - call together"
"Convoluted","adj - highly complex or intricate"
"Corporal","adj - possessing or existing in bodily form; affecting or characteristic of the body as opposed to the mind or spirit; noun a noncommissioned officer in the army or airforce or marines"
"Corporeal","adj - having material or physical form or substance; affecting or characteristic of the body as opposed to the mind or spirit"
"Corroborate","verb - support with evidence or authority or make more certain or confirm; establish or strengthen as with new evidence or facts; give evidence for"
"Craven","adj - lacking even the rudiments of courage; abjectly fearful; noun an abject coward"
"Credulity","noun - tendency to believe readily"
"Credulous","adj - gullible; disposed to believe on little evidence; showing a lack of judgment or experience"
"Culpable","adj - deserving blame or censure as being wrong or evil or injurious"
"Cursory","adj - hasty and without attention to detail; not thorough"
"Daunt","verb - cause to lose courage; make (someone) feel intimidated or apprehensive"
"Dearth","noun - an insufficient quantity or number; an acute insufficiency"
"Decorum","noun - propriety in manners and conduct"
"Deference","noun - a courteous expression (by word or deed) of esteem or regard; courteous regard for people's feelings; a disposition or tendency to yield to the will of others"
"Deferential","adj - showing deference; respectful"
"Deign","verb - do something that one considers to be below one's dignity"
"Delineate","adj - represented accurately or precisely; verb describe in vivid detail; determine the essential quality of"
"Denigrate","verb - charge falsely or with malicious intent; attack the good name and reputation of someone; cause to seem less serious; play down"
"Depict","verb - give a description of; show in, or as in, a picture; make a portrait of"
"Deprecate","verb - belittle; express strong disapproval of; deplore"
"Deprecation","noun - the act of expressing disapproval (especially of yourself); a prayer to avert or remove some evil or disaster"
"Depredation","noun - an act of plundering and pillaging and marauding; (usually plural) a destructive action"
"Deride","verb - treat or speak of with contempt"
"Derision","noun - the act of deriding or treating with contempt; contemptuous laughter"
"Derivative","adj - originating from, based on, or influenced by; noun - a financial instrument whose value is based on another security"
"Descry","verb - catch sight of"
"Desiccate","adj - lacking vitality or spirit; lifeless; verb lose water or moisture; remove water from; preserve by removing all water and liquids from"
"Desultory","adj - marked by lack of definite plan or regularity or purpose; jumping from one thing to another"
"Diaphanous","adj - so thin as to transmit light; (esp. of fabric) light, delicate, and translucent"
"Diatribe","noun - thunderous verbal attack"
"Dichotomy","noun - being twofold; a classification into two opposed parts or subclasses"
"Didactic","adj - instructive (especially excessively)"
"Diffidence","noun - lack of self-confidence"
"Diffident","adj - lacking self-confidence; showing modest reserve"
"Diffuse","adj - spread out; not concentrated in one place; lacking conciseness; (of light) transmitted from a broad light source or reflected; verb move outward; cause to become widely known; spread or diffuse through"
"Dilatory","adj - wasting time; inclined to waste time and lag behind; using cautious slow strategy to wear down opposition; avoiding direct confrontation"
"Dilettante","adj - showing frivolous or superficial interest; amateurish; noun an amateur who engages in an activity without serious intentions and who pretends to have knowledge"
"Dirge","noun - a song or hymn of mourning composed or performed as a memorial to a dead person"
"Disabuse","verb - free somebody (from an erroneous belief); persuade (someone) that an idea or belief is mistaken"
"Discordant","adj - not in agreement or harmony; lacking in harmony"
"Discredit","noun - the state of being held in low esteem; verb cause to be distrusted or disbelieved; damage the reputation of; reject as false; refuse to accept"
"Discrete","adj - constituting a separate entity or part"
"Disinterested","adj - unaffected by self-interest"
"Disparage","verb - express a negative opinion of"
"Disparaging","adj - expressive of low opinion"
"Disparate","adj - including markedly dissimilar elements; fundamentally different or distinct in quality or kind"
"Dispassionate","adj - unaffected by strong emotion or prejudice"
"Dissemble","verb - behave unnaturally or affectedly; hide under a false appearance; make believe with the intent to deceive"
"Disseminate","verb - cause to become widely known"
"Dissolution","noun - the termination or disintegration of a relationship (between persons or nations); separation into component parts; the termination of a meeting"
"Dissonance","noun - disagreeable sounds; the auditory experience of sound that lacks musical quality; a conflict of people's opinions or actions or characters"
"Distend","verb - swell from or as if from internal pressure; cause to expand as it by internal pressure; become wider"
"Dogged","adj - stubbornly unyielding"
"Dogmatic","adj - characterized by assertion of unproved or unprovable principles; relating to or involving dogma; of or pertaining to or characteristic of a doctrine or code of beliefs accepted as authoritative"
"Dormant","adj - inactive but capable of becoming active;"
"Dupe","noun - a person who is tricked or swindled; verb fool or hoax"
"Duplicity","noun - acting in bad faith; deception by pretending to entertain one set of intentions while acting under the influence of another; a fraudulent or duplicitous representation"
"Ebullient","adj - joyously unrestrained"
"Eclectic","adj - selecting what seems best of various styles or ideas; noun someone who selects according to the eclectic method"
"Efficacy","noun - capacity or power to produce a desired effect"
"Effluent","adj - that is flowing outward; noun water mixed with waste matter; liquid waste or sewage discharged into a river or the sea"
"Effrontery","noun - audacious (even arrogant) behavior that you have no right to"
"Egress","noun - the act of coming (or going) out; becoming apparent; verb - go out of or leave a place"
"Elegy","noun - a mournful poem; a lament for the dead"
"Elicit","verb - derive by reason; deduce (a principle) or construe (a meaning); call forth (emotions, feelings, and responses)"
"Embellish","verb - make more beautiful; add details to; make more attractive by adding ornament, colour, etc; be beautiful to look at"
"Emollient","adj - having a softening or soothing effect especially to the skin; noun - a preparation that softens the skin"
"Empirical","adj - derived from experiment and observation rather than theory; relying on medical quackery"
"Emulate","verb - compete with successfully; approach or reach equality with; strive to equal or match, especially by imitating"
"Encomium","noun - a formal expression of praise"
"Endemic","adj - native to or confined to a certain region; originating where it is found"
"Enervate","verb - weaken mentally or morally; disturb the composure of"
"Engender","verb - call forth; make children"
"Enigma","noun - something that baffles understanding and cannot be explained; a difficult problem"
"Ephemeral","adj - lasting a very short time; noun anything short-lived, as an insect that lives only for a day in its winged form"
"Epithet","noun - descriptive word or phrase; a defamatory or abusive word or phrase"
"Equanimity","noun - steadiness of mind under stress"
"Equivocal","adj - open to two or more interpretations; or of uncertain nature or significance; open to question"
"Equivocate","verb - be deliberately ambiguous or unclear in order to mislead or withhold information"
"Erratic","adj - liable to sudden unpredictable change; likely to perform unpredictably; having no fixed course"
"Erudite","adj - having or showing profound knowledge"
"Eschew","verb - avoid and stay away from deliberately; stay clear of"
"Esoteric","adj - confined to and understandable by only an enlightened inner circle"
"Estimable","adj - deserving of respect or high regard; deserving of esteem and respect; may be computed or estimated"
"Eulogy","noun - a formal expression of praise for someone who has died recently; a formal expression of praise"
"Euphony","noun - any agreeable (pleasing and harmonious) sounds"
"Exacerbate","verb - exasperate or irritate; make worse"
"Exculpate","verb - pronounce not guilty of criminal charges"
"Execrable","adj - deserving a curse; unequivocally detestable; of very poor quality or condition"
"Exigency","noun - a pressing or urgent situation; a sudden unforeseen crisis (usually involving danger) that requires immediate action"
"Exigent","adj - requiring precise accuracy; demanding attention"
"Exorbitant","adj - greatly exceeding bounds of reason or moderation"
"Expatiate","verb - add details, as to an account or idea; clarify the meaning of and discourse in a learned way, usually in writing"
"Explicit","adj - precisely and clearly expressed or readily observable; leaving nothing to implication; in accordance with fact or the primary meaning of a term"
"Extant","adj - still in existence; not extinct or destroyed or lost"
"Extirpate","verb - surgically remove (an organ); destroy completely, as if down to the roots"
"Facetious","adj - cleverly amusing in tone"
"Fallacious","adj - based on an incorrect or misleading notion or information; containing or based on a fallacy; intended to deceive"
"Fathom","noun -  a linear unit of measurement (equal to 6 feet) for water depth; verb - come to understand; measure the depth (of water)"
"Fatuous","adj - devoid of intelligence"
"Fawn","noun - young deer; a color or pigment varying around a light grey-brown color; verb - try to gain favor by cringing or flattering; give a servile display of exaggerated flattery or affection"
"Feign","verb - make believe with the intent to deceive; make a pretence of"
"Felicitous","adj - exhibiting an agreeably appropriate manner or style; marked by good fortune"
"Fervent","adj - extremely hot; characterized by intense emotion"
"Fervid","adj - extremely hot; characterized by intense emotion"
"Fervor","noun - feelings of great warmth and intensity; the state of being emotionally aroused and worked up"
"Flag","noun - emblem usually consisting of a rectangular piece of cloth of distinctive design; stratified stone that splits into pieces suitable as paving stones; verb - (of a person) become tired, weaker, or less enthusiastic"
"Fledgling","adj - young and inexperienced; (of a young bird) having acquired its flight feathers; noun young bird that has just fledged or become capable of flying; any new participant in some activity"
"Florid","adj - inclined to a healthy reddish color often associated with outdoor life; elaborately or excessively ornamented"
"Flout","verb - treat with contemptuous disregard; laugh at with contempt and derision"
"Foment","verb - bathe with warm water or medicated lotions; try to stir up public opinion"
"Forestall","verb - keep from happening or arising; make impossible; act in advance of; deal with ahead of time"
"Fractious","adj - unpredictably difficult in operation; likely to be troublesome; stubbornly resistant to authority or control; easily irritated or annoyed"
"Fusillade","noun - rapid simultaneous discharge of firearms; verb attack with fusillade"
"Gainsay","verb - take exception to"
"Garrulous","adj - full of trivial conversation"
"Germane","adj - having close kinship and appropriateness"
"Goad","noun -  a spiked stick used for driving cattle; verb - provoke or annoy (someone) so as to stimulate some action or reaction"
"Gossamer","adj - characterized by unusual lightness and delicacy; so thin as to transmit light; noun a gauze fabric with an extremely fine texture"
"Gouge","noun - an impression in a surface (as made by a blow); verb force with the thumb; make a groove in; obtain by coercion or intimidation"
"Grandiloquent","adj - puffed up with vanity; lofty in style"
"Gregarious","adj - instinctively or temperamentally seeking and enjoying the company of others; (of animals) tending to form a group with others of the same species; (of plants) growing in groups that are close together"
"Guile","noun - the use of tricks to deceive someone (usually to extract money from them); the quality of being crafty; shrewdness as demonstrated by being skilled in deception"
"Guileless","adj - free from guile; free of deceit; innocent and without deception"
"Gullible","adj - easily tricked because of being too trusting; naive and easily deceived or tricked"
"Halcyon","adj - idyllically calm and peaceful; suggesting happy tranquillity; marked by peace and prosperity"
"Hapless","adj - deserving or inciting pity"
"Harangue","noun - a loud bombastic declamation expressed with strong emotion; verb deliver a harangue to; address forcefully"
"Headlong","adj - with the head foremost; excessively quick; adv"
"Heterodox","adj - characterized by departure from accepted beliefs or standards"
"Heterogeneous","adj - consisting of elements that are not of the same kind or nature; originating outside the body"
"Homogenous","adj - all of the same or similar kind or nature"
"Hyperbole","noun - extravagant exaggeration"
"Iconoclast","noun - someone who attacks cherished ideas or traditional institutions; a destroyer of images used in religious worship"
"Ignominious","adj - (used of conduct or character) deserving or bringing disgrace or shame"
"Immutable","adj - not subject or susceptible to change or variation in form or quality or nature"
"Impair","verb - make worse or less effective; make imperfect"
"Impassive","adj - having or revealing little emotion or sensibility; not easily aroused or excited; deliberately impassive in manner"
"Impecunious","adj - not having enough money to pay for necessities"
"Impede","verb - be a hindrance or obstacle to; block passage through"
"Imperious","adj - able to deal authoritatively with affairs"
"Imperturbable","adj - not easily perturbed or excited or upset; marked by extreme calm and composure"
"Impervious","adj - not admitting of passage or capable of being affected"
"Impetuous","adj - marked by violent force; characterized by undue haste and lack of thought or deliberation"
"Implacable","adj - incapable of being placated"
"Implication","noun - an accusation that brings into intimate and usually incriminating connection; a meaning that is not expressly stated but can be inferred"
"Implicit","adj - being without doubt or reserve; implied though not directly expressed; inherent in the nature of something"
"Imply","verb - express or state indirectly; suggest as a logically necessary consequence; suggest that someone is guilty"
"Importune","verb - beg persistently and urgently"
"Improvidence","noun - a lack of prudence and care by someone in the management of resources"
"Impugn","verb - attack as false or wrong"
"Inchoate","adj - only partly in existence; imperfectly formed"
"Incipient","adj - only partly in existence; imperfectly formed"
"Incorrigible","adj - impervious to correction by punishment"
"Incursion","noun - the act of entering some territory or domain (often in large numbers); the mistake of incurring liability or blame; an attack that penetrates into enemy territory"
"Indelible","adj - cannot be removed, washed away or erased"
"Indigence","noun - a state of extreme poverty or destitution"
"Indolence","noun - inactivity resulting from a dislike of work"
"Indolent","adj - causing little or no pain; wanting to avoid activity or exertion; lazy."
"Ineffable","adj - too sacred to be uttered; defying expression or description"
"Inert","adj - slow and apathetic; unable to move or resist motion; having only a limited ability to react chemically; chemically inactive"
"Infer","verb - believe to be the case; guess correctly; solve by guessing; reason by deduction; establish by deduction; conclude by reasoning; in logic; draw from specific cases for more general cases"
"Ingenious","adj - showing inventiveness and skill; skillful (or showing skill) in adapting means to ends; (used of persons or artifacts) marked by independence and creativity in thought or action"
"Ingenuous","adj - characterized by an inability to mask your feelings; not devious; lacking in sophistication or worldliness"
"Inherent","adj - in the nature of something though not readily apparent; existing as an essential constituent or characteristic"
"Inhibit","verb - limit the range or extent of; to put down by force or authority"
"Inimical","adj - not friendly"
"Innocuous","adj - not injurious to physical or mental health; not causing disapproval; lacking intent or capacity to injure; unlikely to harm or disturb anyone"
"Insensible","adj - unresponsive to stimulation; incapable of physical sensation; unaware of or indifferent to; barely able to be perceived"
"Insinuate","verb - introduce or insert (oneself) in a subtle manner; give to understand"
"Insipid","adj - not pleasing to the sense of taste; lacking interest or significance; lacking significance or impact; lacking taste or flavor or tang"
"Insular","adj - narrowly restricted in outlook or scope; suggestive of the isolated life of an island; relating to or characteristic of or situated on an island"
"Intractable","adj - not tractable; difficult to manage or mold"
"Intransigence","noun - the trait of being intransigent; stubbornly refusing to compromise"
"Intransigent","adj - impervious to pleas, persuasion, requests, reason"
"Intrepid","adj - invulnerable to fear or intimidation"
"Inundate","verb - fill or cover completely, usually with water; fill quickly beyond capacity; as with a liquid"
"Inured","adj - made tough by habitual exposure"
"Invective","noun - abusive or venomous language used to express blame or censure or bitter deep-seated ill will"
"Inveterate","adj - having a habit of long standing"
"Irascible","adj - characterized by anger; quickly aroused to anger"
"Lachrymose","adj - showing sorrow"
"Laconic","adj - brief and to the point; effectively cut short"
"Lassitude","noun - weakness characterized by a lack of vitality or energy; a feeling of lack of interest or energy; a state of comatose torpor (as found in sleeping sickness)"
"Latent","adj - not presently active; potentially existing but not presently evident or realized"
"Laud","verb - praise, glorify, or honor"
"Laudable","adj - worthy of high praise"
"Lethargic","adj - deficient in alertness or activity"
"Levee","noun - an embankment that is built in order to prevent a river from overflowing; a pier that provides a landing place on a river;"
"Leviathan","noun - monstrous sea creature symbolizing evil in the Old Testament; the largest or most massive thing of its kind"
"Levity","noun - a manner lacking seriousness; feeling an inappropriate lack of seriousness"
"Loquacious","adj - full of trivial conversation"
"Lucid","adj - having a clear mind; easily understandable; transmitting light; able to be seen through with clarity; capable of thinking and expressing yourself in a clear and consistent manner"
"Lugubrious","adj - excessively mournful"
"Luminous","adj - softly bright or radiant"
"Magnanimity","noun - liberality in bestowing gifts; extremely liberal and generous of spirit"
"Magnate","noun - a very wealthy or powerful businessman"
"Maladroit","adj - not adroit"
"Malevolent","adj - wishing or appearing to wish evil to others; arising from intense ill will or hatred; having or exerting a malignant influence"
"Malign","adj - evil or harmful in nature or influence; having or exerting a malignant influence; verb speak unfavorably about"
"Malinger","verb - exaggerate or feign illness in order to escape duty or work."
"Malleable","adj - capable of being shaped or bent or drawn out; easily influenced"
"Maverick","adj - independent in behavior or thought; noun - someone who exhibits great independence in thought and action"
"Mendacious","adj - intentionally untrue; given to lying"
"Meretricious","adj - like or relating to a prostitute; based on pretense; deceptively pleasing; tastelessly showy"
"Meticulous","adj - marked by extreme care in treatment of details; marked by precise accordance with details"
"Mettlesome","adj - having a proud and unbroken spirit; willing to face danger"
"Minatory","adj - threatening or foreshadowing evil or tragic developments"
"Misanthrope","noun - someone who dislikes people in general"
"Misnomer","noun - an incorrect or unsuitable name"
"Misogynist","noun - a misanthrope who dislikes women in particular"
"Mitigate","verb - make less severe or harsh; lessen or to try to lessen the seriousness or extent of"
"Mollify","verb - make less rigid or softer; make more temperate, acceptable, or suitable by adding something else; moderate; cause to be more favorably inclined; gain the good will of"
"Morose","adj - showing a brooding ill humor"
"Mundane","adj - belonging to this earth or world; not ideal or heavenly; concerned with the world or worldly matters; found in the ordinary course of events"
"Nadir","noun - an extreme state of adversity; the lowest point of anything"
"Nascent","adj - being born or beginning"
"Nefarious","adj - extremely wicked"
"Neophyte","noun - a plant that is found in an area where it had not been recorded previously; any new participant in some activity"
"Noisome","adj - offensively malodorous; causing or able to cause nausea"
"Nostrum","noun - patent medicine whose efficacy is questionable; hypothetical remedy for all ills or diseases; once sought by the alchemists"
"Noxious","adj - injurious to physical or mental health"
"Obdurate","adj - showing unfeeling resistance to tender feelings; stubbornly persistent in wrongdoing"
"Obfuscate","verb - make obscure or unclear"
"Oblique","adj. - slanting or inclined in direction or course or position--neither parallel nor perpendicular nor right-angled; indirect in departing from the accepted or proper way; misleading;"
"Obsequious","adj - attentive in an ingratiating or servile manner; attempting to win favor from influential people by flattery"
"Obstreperous","adj - boisterously and noisily aggressive; noisily and stubbornly defiant"
"Obtuse","adj - lacking in insight or discernment; of an angle; between 90 and 180 degrees; slow to learn or understand; lacking intellectual acuity"
"Obviate","verb - do away with; prevent the occurrence of; prevent from happening"
"Occlude","verb - block passage through"
"Odious","adj - unequivocally detestable"
"Officious","adj - intrusive in a meddling or offensive manner"
"Onerous","adj - not easily borne; wearing"
"Opaque","adj - not clear; not transmitting or reflecting light or radiant energy; not clearly understood or expressed"
"Opprobrium","noun - a state of extreme dishonor; state of disgrace resulting from public abuse"
"Ossified","adj - changed into bone; hardened by deposits of mineral matter; set in a rigidly conventional pattern of behavior, habits, or beliefs"
"Ostentatious","adj - intended to attract notice and impress others; of a display that is tawdry or vulgar"
"Panegyric","adj - formally expressing praise; noun a formal expression of praise"
"Panoply","noun - a complete and impressive array"
"Paragon","noun - an ideal instance; a perfect embodiment of a concept; model of excellence or perfection of a kind; one having no equal"
"Pariah","noun - a person who is rejected (from society or home)"
"Parsimonious","adj - excessively unwilling to spend"
"Partisan","adj - devoted to a cause or party; adhering or confined to a particular sect or denomination or party; noun- an ardent and enthusiastic supporter of some person or activity"
"Paucity","noun - an insufficient quantity or number"
"Peccadillo","noun - a petty misdeed; a small, relatively unimportant offense or sin."
"Pedantic","adj - marked by a narrow focus on or display of learning especially its trivial aspects"
"Pedestrian","adj - lacking wit or imagination; noun a person who travels by foot"
"Penchant","noun - a strong liking"
"Penury","noun - a state of extreme poverty or destitution"
"Peremptory","adj - putting an end to all debate or action; not allowing contradiction or refusal; offensively self-assured or given to exercising usually unwarranted power"
"Perennial","adj - recurring again and again; lasting three seasons or more; lasting an indefinitely long time; suggesting self-renewal; noun a plant lasting for three seasons or more"
"Perfidious","adj - tending to betray; especially having a treacherous character as attributed to the Carthaginians by the Romans"
"Perfidy","noun - betrayal of a trust; an act of deliberate betrayal"
"Perfunctory","adj - hasty and without attention to detail; not thorough; as a formality only"
"Peripatetic","adj - traveling especially on foot; of or relating to Aristotle or his philosophy; noun a person who walks from place to place; a follower of Aristotle or an adherent of Aristotelianism"
"Pernicious","adj - working or spreading in a hidden and usually injurious way; exceedingly harmful"
"Perspicacious","adj - acutely insightful and wise; mentally acute or penetratingly discerning"
"Pertinacious","adj - stubbornly unyielding"
"Petulant","adj - easily irritated or annoyed"
"Philanthropy","noun - voluntary promotion of human welfare"
"Phlegmatic","adj - showing little emotion"
"Pious","adj - having or showing or expressing reverence for a deity; devoutly religious"
"Pique","noun - tightly woven fabric with raised cords; a sudden outburst of anger; verb cause to feel resentment or indignation"
"Placate","verb - cause to be more favorably inclined; gain the good will of"
"Plastic","adj - made of plastic; capable of being influenced or formed; forming or capable of forming or molding or fashioning; offering scope for creativity"
"Platitude","noun - a trite or obvious remark"
"Plethora","noun - extreme excess"
"Plumb","adj - exactly vertical; adv - exactly"
"Plummet","noun - the metal bob of a plumb line; verb drop sharply"
"Poignant","adj - keenly distressing to the mind or feelings; arousing affect"
"Ponderous","adj - having great mass and weight and unwieldiness; labored and dull; slow and laborious because of weight"
"Pragmatic","adj - concerned with practical matters; guided by practical experience and observation rather than theory"
"Precarious","adj - affording no ease or reassurance; not secure; beset with difficulties; dangerously insecure; fraught with danger"
"Precept","noun - a doctrine that is taught; rule of personal conduct"
"Precipice","noun - a very steep cliff"
"Precipitate","adj - done with very great haste and without due deliberation; verb - separate as a fine suspension of solid particles; bring about abruptly; fall vertically, sharply, or headlong"
"Preclude","verb - make impossible, especially beforehand; keep from happening or arising; make impossible"
"Precocious","adj - appearing or developing early; characterized by or characteristic of exceptionally early development or maturity (especially in mental aptitude)"
"Precursor","noun - a person who goes before or announces the coming of another; an indication of the approach of something or someone"
"Predilection","noun - a predisposition in favor of something; a strong liking"
"Presumptuous","adj - excessively forward"
"Prevaricate","verb - be deliberately ambiguous or unclear in order to mislead or withhold information"
"Pristine","adj - immaculately clean and unused; completely free from dirt or contamination"
"Probity","noun - complete and confirmed integrity; having strong moral principles"
"Proclivity","noun - a natural inclination"
"Prodigal","adj - marked by rash extravagance; very generous; recklessly wasteful; noun a recklessly extravagant consumer"
"Prodigious","adj - so great in size or force or extent as to elicit awe; far beyond what is usual in magnitude or degree; of momentous or ominous significance"
"Proliferate","verb - cause to grow or increase rapidly; grow rapidly"
"Propensity","noun - a disposition to behave in a certain way; a natural inclination; an inclination to do something"
"Propitiate","verb - make peace with"
"Propriety","noun - correct or appropriate behavior"
"Prosaic","adj - not challenging; dull and lacking excitement; lacking wit or imagination; not fanciful or imaginative"
"Proscribe","verb - command against"
"Provident","adj - providing carefully for the future; careful in regard to your own interests"
"Prudence","noun - discretion in practical affairs; knowing how to avoid embarrassment or distress"
"Puerile","adj - of or characteristic of a child; displaying or suggesting a lack of maturity"
"Pugnacious","adj - ready and able to resort to force or violence; tough and callous by virtue of experience"
"Pulchritudinous","adj - used of persons only; having great physical beauty"
"Punctilious","adj - marked by precise accordance with details"
"Pungent","adj - strong and sharp; ""the pungent taste of radishes""; capable of wounding"
"Pusillanimous","adj - lacking in courage and manly strength and resolution; contemptibly fearful"
"Querulous","adj - habitually complaining"
"Quibble","verb - argue over petty things; evade the truth of a point or question by raising irrelevant objections"
"Quiescence","noun - quiet and inactive restfulness; a state of quiet (but possibly temporary) inaction"
"Quiescent","adj - causing no symptoms; being quiet or still or inactive; not active or activated; marked by a state of tranquil repose"
"Quotidian","adj - found in the ordinary course of events"
"Rarefy","verb - make more subtle or refined; lessen the density or solidity of"
"Recalcitrant","adj - marked by stubborn resistance to authority; stubbornly resistant to authority or control"
"Recant","verb - formally reject or disavow a formerly held belief, usually under pressure"
"Recluse","adj - withdrawn from society; seeking solitude; noun one who lives in solitude"
"Recondite","adj - difficult to penetrate; incomprehensible to one of ordinary understanding or knowledge"
"Recumbent","adj - lying down; in a position of comfort or rest"
"Refractory","adj - not responding to treatment; stubbornly resistant to authority or control"
"Refute","verb - prove to be false or incorrect; overthrow by argument, evidence, or proof"
"Regale","verb - provide with choice or abundant food or drink"
"Relegate","verb - assign to a class or kind; refer to another person for decision or judgment; assign to a lower position; reduce in rank; expel, as if by official decree"
"Remonstrate","verb - argue in protest or opposition; present and urge reasons in opposition; censure severely or angrily"
"Repine","verb - express discontent"
"Reprobate","adj - marked by immorality; deviating from what is considered right or proper or good; noun a person without moral scruples"
"Reproof","noun - an act or expression of criticism and censure; verb censure severely or angrily"
"Repudiate","verb - refuse to acknowledge, ratify, or recognize as valid; reject as untrue, unfounded, or unjust; refuse to recognize or pay; cast off or disown"
"Rescind","verb - annul by recalling or rescinding"
"Reticent","adj - reluctant to draw attention to yourself; temperamentally disinclined to talk; cool and formal in manner"
"Reverent","adj - feeling or showing profound respect or veneration; showing great reverence for god"
"Sagacious","adj - skillful in statecraft or management; acutely insightful and wise"
"Salacious","adj - suggestive of or tending to moral looseness; characterized by lust"
"Salient","adj -  having a quality that thrusts itself into attention; prominent"
"Salubrious","adj - favorable to health of mind or body; promoting health; healthful"
"Salutary","adj - tending to promote physical well-being; beneficial to health"
"Sanction","noun - a mechanism of social control for enforcing a society's standards; formal and explicit approval; official permission or approval; verb give religious sanction to, such as through on oath; give authority or permission to"
"Sanguine","adj - confidently optimistic and cheerful; inclined to a healthy reddish color often associated with outdoor life; noun a blood-red color"
"Sate","verb - fill to satisfaction"
"Satiate","adj - supplied (especially fed) to satisfaction; verb fill to satisfaction; overeat or eat immodestly"
"Saturnine","adj - bitter or scornful; showing a brooding ill humor"
"Savant","noun - someone who has been admitted to membership in a scholarly field"
"Savor","noun - verb taste appreciatively; give taste to; derive or receive pleasure from; take pleasure in"
"Sedulous","adj - marked by care and persistent effort"
"Shard","noun - a broken piece of a brittle artifact"
"Solicitous","adj - showing hovering attentiveness; full of anxiety and concern"
"Soporific","adj - sleep inducing; inducing mental lethargy; noun a drug that induces sleep"
"Specious","adj - plausible but false; based on pretense; deceptively pleasing"
"Sporadic","adj - recurring in scattered and irregular or unpredictable instances"
"Spurious","adj - intended to deceive; born out of wedlock; plausible but false"
"Squalid","adj - foul and run-down and repulsive; morally degraded"
"Stanch","verb - stop the flow of a liquid"
"Stigma","noun - a skin lesion that is a diagnostic sign of some disease; a mark of disgrace associated with a particular circumstance, quality, or person"
"Stint","noun - limitation of supply or effort; a person's fixed or allotted period of work; an unbroken period of time during which you do something"
"Stipulate","verb - demand or specify (a requirement), typically as part of a bargain or agreement; give a guarantee or promise of"
"Stolid","adj - having or revealing little emotion or sensibility; not easily aroused or excited"
"Strut","noun - a proud stiff pompous gait; brace consisting of a bar or rod used to resist longitudinal compression; verb to walk with a lofty proud gait, often in an attempt to impress others"
"Subterfuge","noun - something intended to misrepresent the true nature of an activity"
"Supercilious","adj - expressive of contempt; having or showing arrogant superiority to and disdain of those one views as unworthy"
"Superficial","adj - being or affecting or concerned with a surface; not deep or penetrating emotionally or intellectually; of little substance or significance; relating to a surface; involving a surface only"
"Supersede","verb - take the place or move into the position of"
"Supine","adj - lying face upward; offering no resistance"
"Supplicate","verb - ask humbly (for something); ask for humbly or earnestly, as in prayer; make a humble, earnest petition"
"Sycophant","noun - a person who tries to please someone in order to gain a personal advantage"
"Tacit","adj - indicated by necessary connotation though not expressed directly"
"Taciturn","adj - habitually reserved and uncommunicative"
"Temperate","adj - not extreme in behavior; (of weather or climate) free from extremes; mild; or characteristic of such weather or climate; not extreme"
"Tenacious","adj - sticking together; good at remembering; stubbornly unyielding"
"Tendentious","adj - having or marked by a strong tendency especially a controversial one"
"Tenuous","adj - very thin in gauge or diameter; having thin consistency; having little substance or significance"
"Terse","adj - brief and to the point; effectively cut short"
"Timorous","adj - timid by nature or revealing timidity"
"Tirade","noun - a speech of violent denunciation"
"Torpid","adj - slow and apathetic; in a condition of biological rest or suspended animation"
"Torpor","noun - a state of motor and mental inactivity with a partial suspension of sensibility; inactivity resulting from lethargy and lack of vigor or energy"
"Tortuous","adj - not straightforward; marked by repeated turns and bends; highly complex or intricate"
"Tractable","adj - easily managed (controlled or taught or molded); readily reacting to suggestions and influences"
"Transient","adj - causing effects outside the mind; impermanent; lasting a very short time; noun - one who stays for only a short time"
"Travesty","noun - a composition that imitates somebody's style in a humorous way; a comedy characterized by broad satire and improbable situations; verb make a travesty of"
"Truculence","noun - obstreperous and defiant aggressiveness"
"Turpitude","noun - a corrupt or depraved or degenerate act or practice"
"Tyro","noun - someone new to a field or activity"
"Ubiquitous","adj - being present everywhere at once"
"Umbrage","noun - a feeling of anger caused by being offended"
"Untoward","adj - contrary to your interests or welfare; not in keeping with accepted standards of what is right or proper in polite society"
"Upbraid","verb - express criticism towards"
"Vacillate","verb - move or sway in a rising and falling or wavelike pattern; be undecided about something; waver between conflicting positions or courses of action"
"Vacuous","adj - devoid of matter; void of expression; devoid of significance or point; devoid of intelligence"
"Venal","adj - capable of being corrupted"
"Venerate","verb - regard with feelings of respect and reverence; consider hallowed or exalted or be in awe of"
"Veracious","adj - precisely accurate; habitually speaking the truth"
"Veracity","noun - unwillingness to tell lies"
"Verbose","adj - using or containing too many words"
"Verisimilitude","noun - the appearance of truth; the quality of seeming to be true"
"Veritable","adj - not counterfeit or copied; often used as intensifiers"
"Vex","verb - subject to prolonged examination, discussion, or deliberation; be a mystery or bewildering to;  afflict with mental agitation or distress"
"Vilify","verb - spread negative information about"
"Viscous","adj - having the sticky properties of an adhesive; having a relatively high resistance to flow"
"Vitiate","verb - take away the legal force of or render ineffective; make imperfect; corrupt morally or by intemperance or sensuality"
"Vituperate","verb - spread negative information about"
"Vociferous","adj - conspicuously and offensively loud; given to vehement outcry"
"Volatile","adj - tending to vary often or widely; evaporating readily at normal temperatures and pressures; marked by erratic changeableness in affections or attachments"
"Voracious","adj - devouring or craving food in great quantities; excessively greedy and grasping"
"Waver","noun - the act of moving back and forth; the act of pausing uncertainly; verb sway to and fro; move hesitatingly, as if about to give way; pause or hold back in uncertainty or unwillingness; be unsure or weak"
"Welter","noun - a confused multitude of things; verb be immersed in; toss, roll, or rise and fall in an uncontrolled way; move in a turbulent fashion"
"Whimsical","adj - determined by chance or impulse or whim rather than by necessity or reason"
"Wretched","adj - characterized by physical misery; deserving or inciting pity; morally reprehensible; very unhappy; full of misery; of very poor quality or condition"
"Zeal","noun - excessive fervor to do something or accomplish some end; prompt willingness; a feeling of strong eagerness (usually in favor of a person or cause)"
